Workbook

Sheet RFM Dashboard
B2: RFM CUSTOMER SEGMENTATION DASHBOARD
B4: ="Online Retail Transactions | Snapshot Date: "&TEXT('RFM Analysis1'!$C$2,"dd mmm yyyy")&" | Customers Analysed: "&TEXT(COUNT('RFM Analysis1'!$A$7:$A$4378),"#,##0") -> Online Retail Transactions | Snapshot Date: 10 Dec 2011 | Customers Analysed: 4,372
B6: TOTAL CUSTOMERS | D6: TOTAL REVENUE | F6: AVG RECENCY (DAYS) | H6: AVG FREQUENCY (ORDERS) | K6: AVG MONETARY VALUE | M6: CHAMPIONS
B7: =COUNT('RFM Analysis1'!$A$7:$A$4378) -> 4372 | D7: =SUM('RFM Analysis1'!$E$7:$E$4378) -> 8300065.8 | F7: =AVERAGE('RFM Analysis1'!$C$7:$C$4378) -> 92.581199 | H7: =AVERAGE('RFM Analysis1'!$D$7:$D$4378) -> 5.0754803 | K7: =AVERAGE('RFM Analysis1'!$E$7:$E$4378) -> 1898.4597 | M7: =COUNTIF('RFM Analysis1'!$J$7:$J$4378,"CHAMPION") -> 255
B10: Segment | C10: Customers | D10: % of Customers | E10: Total Revenue | F10: % of Revenue | G10: Avg Recency | H10: Avg Frequency | I10: Avg Monetary
B11: CHAMPION | C11: =COUNTIF('RFM Analysis1'!$J$7:$J$4378,$B11) -> 255 | D11: =IFERROR(C11/SUM($C$11:$C$20),0) -> 0.058325709 | E11: =SUMIF('RFM Analysis1'!$J$7:$J$4378,$B11,'RFM Analysis1'!$E$7:$E$4378) -> 3416321.9 | F11: =IFERROR(E11/SUM($E$11:$E$20),0) -> 0.41160178 | G11: =IFERROR(AVERAGEIF('RFM Analysis1'!$J$7:$J$4378,$B11,'RFM Analysis1'!$C$7:$C$4378),0) -> 4.7411765 | H11: =IFERROR(AVERAGEIF('RFM Analysis1'!$J$7:$J$4378,$B11,'RFM Analysis1'!$D$7:$D$4378),0) -> 26.094118 | I11: =IFERROR(AVERAGEIF('RFM Analysis1'!$J$7:$J$4378,$B11,'RFM Analysis1'!$E$7:$E$4378),0) -> 13397.341
B12: LOYAL CUSTOMER | C12: =COUNTIF('RFM Analysis1'!$J$7:$J$4378,$B12) -> 496 | D12: =IFERROR(C12/SUM($C$11:$C$20),0) -> 0.11344922 | E12: =SUMIF('RFM Analysis1'!$J$7:$J$4378,$B12,'RFM Analysis1'!$E$7:$E$4378) -> 1792814.9 | F12: =IFERROR(E12/SUM($E$11:$E$20),0) -> 0.21600008 | G12: =IFERROR(AVERAGEIF('RFM Analysis1'!$J$7:$J$4378,$B12,'RFM Analysis1'!$C$7:$C$4378),0) -> 14.756048 | H12: =IFERROR(AVERAGEIF('RFM Analysis1'!$J$7:$J$4378,$B12,'RFM Analysis1'!$D$7:$D$4378),0) -> 10.495968 | I12: =IFERROR(AVERAGEIF('RFM Analysis1'!$J$7:$J$4378,$B12,'RFM Analysis1'!$E$7:$E$4378),0) -> 3614.5462
B13: POTENTIAL LOYALIST | C13: =COUNTIF('RFM Analysis1'!$J$7:$J$4378,$B13) -> 293 | D13: =IFERROR(C13/SUM($C$11:$C$20),0) -> 0.067017383 | E13: =SUMIF('RFM Analysis1'!$J$7:$J$4378,$B13,'RFM Analysis1'!$E$7:$E$4378) -> 431874.03 | F13: =IFERROR(E13/SUM($E$11:$E$20),0) -> 0.052032603 | G13: =IFERROR(AVERAGEIF('RFM Analysis1'!$J$7:$J$4378,$B13,'RFM Analysis1'!$C$7:$C$4378),0) -> 14.21843 | H13: =IFERROR(AVERAGEIF('RFM Analysis1'!$J$7:$J$4378,$B13,'RFM Analysis1'!$D$7:$D$4378),0) -> 4.7030717 | I13: =IFERROR(AVERAGEIF('RFM Analysis1'!$J$7:$J$4378,$B13,'RFM Analysis1'!$E$7:$E$4378),0) -> 1473.9728
B14: NEW CUSTOMERS | C14: =COUNTIF('RFM Analysis1'!$J$7:$J$4378,$B14) -> 3 | D14: =IFERROR(C14/SUM($C$11:$C$20),0) -> 0.00068618481 | E14: =SUMIF('RFM Analysis1'!$J$7:$J$4378,$B14,'RFM Analysis1'!$E$7:$E$4378) -> 5390.54 | F14: =IFERROR(E14/SUM($E$11:$E$20),0) -> 0.0006494575 | G14: =IFERROR(AVERAGEIF('RFM Analysis1'!$J$7:$J$4378,$B14,'RFM Analysis1'!$C$7:$C$4378),0) -> 2.6666667 | H14: =IFERROR(AVERAGEIF('RFM Analysis1'!$J$7:$J$4378,$B14,'RFM Analysis1'!$D$7:$D$4378),0) -> 1 | I14: =IFERROR(AVERAGEIF('RFM Analysis1'!$J$7:$J$4378,$B14,'RFM Analysis1'!$E$7:$E$4378),0) -> 1796.8467
B15: PROMISING | C15: =COUNTIF('RFM Analysis1'!$J$7:$J$4378,$B15) -> 68 | D15: =IFERROR(C15/SUM($C$11:$C$20),0) -> 0.015553522 | E15: =SUMIF('RFM Analysis1'!$J$7:$J$4378,$B15,'RFM Analysis1'!$E$7:$E$4378) -> 34922.34 | F15: =IFERROR(E15/SUM($E$11:$E$20),0) -> 0.0042074775 | G15: =IFERROR(AVERAGEIF('RFM Analysis1'!$J$7:$J$4378,$B15,'RFM Analysis1'!$C$7:$C$4378),0) -> 18.970588 | H15: =IFERROR(AVERAGEIF('RFM Analysis1'!$J$7:$J$4378,$B15,'RFM Analysis1'!$D$7:$D$4378),0) -> 1 | I15: =IFERROR(AVERAGEIF('RFM Analysis1'!$J$7:$J$4378,$B15,'RFM Analysis1'!$E$7:$E$4378),0) -> 513.56382
B16: NEED ATTENTION | C16: =COUNTIF('RFM Analysis1'!$J$7:$J$4378,$B16) -> 1269 | D16: =IFERROR(C16/SUM($C$11:$C$20),0) -> 0.29025618 | E16: =SUMIF('RFM Analysis1'!$J$7:$J$4378,$B16,'RFM Analysis1'!$E$7:$E$4378) -> 1760350 | F16: =IFERROR(E16/SUM($E$11:$E$20),0) -> 0.21208868 | G16: =IFERROR(AVERAGEIF('RFM Analysis1'!$J$7:$J$4378,$B16,'RFM Analysis1'!$C$7:$C$4378),0) -> 50.005516 | H16: =IFERROR(AVERAGEIF('RFM Analysis1'!$J$7:$J$4378,$B16,'RFM Analysis1'!$D$7:$D$4378),0) -> 4.28684 | I16: =IFERROR(AVERAGEIF('RFM Analysis1'!$J$7:$J$4378,$B16,'RFM Analysis1'!$E$7:$E$4378),0) -> 1387.1946
B17: AT RISK | C17: =COUNTIF('RFM Analysis1'!$J$7:$J$4378,$B17) -> 45 | D17: =IFERROR(C17/SUM($C$11:$C$20),0) -> 0.010292772 | E17: =SUMIF('RFM Analysis1'!$J$7:$J$4378,$B17,'RFM Analysis1'!$E$7:$E$4378) -> 114282.86 | F17: =IFERROR(E17/SUM($E$11:$E$20),0) -> 0.01376891 | G17: =IFERROR(AVERAGEIF('RFM Analysis1'!$J$7:$J$4378,$B17,'RFM Analysis1'!$C$7:$C$4378),0) -> 184.66667 | H17: =IFERROR(AVERAGEIF('RFM Analysis1'!$J$7:$J$4378,$B17,'RFM Analysis1'!$D$7:$D$4378),0) -> 7.9555556 | I17: =IFERROR(AVERAGEIF('RFM Analysis1'!$J$7:$J$4378,$B17,'RFM Analysis1'!$E$7:$E$4378),0) -> 2539.6191
B18: CAN'T LOSE THEM | C18: =COUNTIF('RFM Analysis1'!$J$7:$J$4378,$B18) -> 0 | D18: =IFERROR(C18/SUM($C$11:$C$20),0) -> 0 | E18: =SUMIF('RFM Analysis1'!$J$7:$J$4378,$B18,'RFM Analysis1'!$E$7:$E$4378) -> 0 | F18: =IFERROR(E18/SUM($E$11:$E$20),0) -> 0 | G18: =IFERROR(AVERAGEIF('RFM Analysis1'!$J$7:$J$4378,$B18,'RFM Analysis1'!$C$7:$C$4378),0) -> 0 | H18: =IFERROR(AVERAGEIF('RFM Analysis1'!$J$7:$J$4378,$B18,'RFM Analysis1'!$D$7:$D$4378),0) -> 0 | I18: =IFERROR(AVERAGEIF('RFM Analysis1'!$J$7:$J$4378,$B18,'RFM Analysis1'!$E$7:$E$4378),0) -> 0
B19: HIBERNATING | C19: =COUNTIF('RFM Analysis1'!$J$7:$J$4378,$B19) -> 470 | D19: =IFERROR(C19/SUM($C$11:$C$20),0) -> 0.10750229 | E19: =SUMIF('RFM Analysis1'!$J$7:$J$4378,$B19,'RFM Analysis1'!$E$7:$E$4378) -> 64855.69 | F19: =IFERROR(E19/SUM($E$11:$E$20),0) -> 0.0078138766 | G19: =IFERROR(AVERAGEIF('RFM Analysis1'!$J$7:$J$4378,$B19,'RFM Analysis1'!$C$7:$C$4378),0) -> 261.94043 | H19: =IFERROR(AVERAGEIF('RFM Analysis1'!$J$7:$J$4378,$B19,'RFM Analysis1'!$D$7:$D$4378),0) -> 1 | I19: =IFERROR(AVERAGEIF('RFM Analysis1'!$J$7:$J$4378,$B19,'RFM Analysis1'!$E$7:$E$4378),0) -> 137.99083
B20: OTHER | C20: =COUNTIF('RFM Analysis1'!$J$7:$J$4378,$B20) -> 1473 | D20: =IFERROR(C20/SUM($C$11:$C$20),0) -> 0.33691674 | E20: =SUMIF('RFM Analysis1'!$J$7:$J$4378,$B20,'RFM Analysis1'!$E$7:$E$4378) -> 679253.56 | F20: =IFERROR(E20/SUM($E$11:$E$20),0) -> 0.08183713 | G20: =IFERROR(AVERAGEIF('RFM Analysis1'!$J$7:$J$4378,$B20,'RFM Analysis1'!$C$7:$C$4378),0) -> 132.98982 | H20: =IFERROR(AVERAGEIF('RFM Analysis1'!$J$7:$J$4378,$B20,'RFM Analysis1'!$D$7:$D$4378),0) -> 1.7739308 | I20: =IFERROR(AVERAGEIF('RFM Analysis1'!$J$7:$J$4378,$B20,'RFM Analysis1'!$E$7:$E$4378),0) -> 461.13616
B21: TOTAL | C21: =SUM(C11:C20) -> 4372 | D21: =SUM(D11:D20) -> 1 | E21: =SUM(E11:E20) -> 8300065.8 | F21: =SUM(F11:F20) -> 1 | G21: =IFERROR(AVERAGE('RFM Analysis1'!$C$7:$C$4378),0) -> 92.581199 | H21: =IFERROR(AVERAGE('RFM Analysis1'!$D$7:$D$4378),0) -> 5.0754803 | I21: =IFERROR(AVERAGE('RFM Analysis1'!$E$7:$E$4378),0) -> 1898.4597
K22: TOP 10 CUSTOMERS BY VALUE
K23: Customer ID | L23: Segment | M23: Monetary ($)
K24: =INDEX('RFM Analysis1'!$A$7:$A$4378,MATCH(1,'RFM Analysis1'!$K$7:$K$4378,0)) -> 14646 | L24: =INDEX('RFM Analysis1'!$J$7:$J$4378,MATCH(1,'RFM Analysis1'!$K$7:$K$4378,0)) -> CHAMPION | M24: =INDEX('RFM Analysis1'!$E$7:$E$4378,MATCH(1,'RFM Analysis1'!$K$7:$K$4378,0)) -> 279489.02
K25: =INDEX('RFM Analysis1'!$A$7:$A$4378,MATCH(2,'RFM Analysis1'!$K$7:$K$4378,0)) -> 18102 | L25: =INDEX('RFM Analysis1'!$J$7:$J$4378,MATCH(2,'RFM Analysis1'!$K$7:$K$4378,0)) -> CHAMPION | M25: =INDEX('RFM Analysis1'!$E$7:$E$4378,MATCH(2,'RFM Analysis1'!$K$7:$K$4378,0)) -> 256438.49
K26: =INDEX('RFM Analysis1'!$A$7:$A$4378,MATCH(3,'RFM Analysis1'!$K$7:$K$4378,0)) -> 17450 | L26: =INDEX('RFM Analysis1'!$J$7:$J$4378,MATCH(3,'RFM Analysis1'!$K$7:$K$4378,0)) -> CHAMPION | M26: =INDEX('RFM Analysis1'!$E$7:$E$4378,MATCH(3,'RFM Analysis1'!$K$7:$K$4378,0)) -> 187482.17
K27: =INDEX('RFM Analysis1'!$A$7:$A$4378,MATCH(4,'RFM Analysis1'!$K$7:$K$4378,0)) -> 14911 | L27: =INDEX('RFM Analysis1'!$J$7:$J$4378,MATCH(4,'RFM Analysis1'!$K$7:$K$4378,0)) -> CHAMPION | M27: =INDEX('RFM Analysis1'!$E$7:$E$4378,MATCH(4,'RFM Analysis1'!$K$7:$K$4378,0)) -> 132572.62
K28: =INDEX('RFM Analysis1'!$A$7:$A$4378,MATCH(5,'RFM Analysis1'!$K$7:$K$4378,0)) -> 12415 | L28: =INDEX('RFM Analysis1'!$J$7:$J$4378,MATCH(5,'RFM Analysis1'!$K$7:$K$4378,0)) -> LOYAL CUSTOMER | M28: =INDEX('RFM Analysis1'!$E$7:$E$4378,MATCH(5,'RFM Analysis1'!$K$7:$K$4378,0)) -> 123725.45
K29: =INDEX('RFM Analysis1'!$A$7:$A$4378,MATCH(6,'RFM Analysis1'!$K$7:$K$4378,0)) -> 14156 | L29: =INDEX('RFM Analysis1'!$J$7:$J$4378,MATCH(6,'RFM Analysis1'!$K$7:$K$4378,0)) -> CHAMPION | M29: =INDEX('RFM Analysis1'!$E$7:$E$4378,MATCH(6,'RFM Analysis1'!$K$7:$K$4378,0)) -> 113384.14
K30: =INDEX('RFM Analysis1'!$A$7:$A$4378,MATCH(7,'RFM Analysis1'!$K$7:$K$4378,0)) -> 17511 | L30: =INDEX('RFM Analysis1'!$J$7:$J$4378,MATCH(7,'RFM Analysis1'!$K$7:$K$4378,0)) -> CHAMPION | M30: =INDEX('RFM Analysis1'!$E$7:$E$4378,MATCH(7,'RFM Analysis1'!$K$7:$K$4378,0)) -> 88125.38
K31: =INDEX('RFM Analysis1'!$A$7:$A$4378,MATCH(8,'RFM Analysis1'!$K$7:$K$4378,0)) -> 16684 | L31: =INDEX('RFM Analysis1'!$J$7:$J$4378,MATCH(8,'RFM Analysis1'!$K$7:$K$4378,0)) -> CHAMPION | M31: =INDEX('RFM Analysis1'!$E$7:$E$4378,MATCH(8,'RFM Analysis1'!$K$7:$K$4378,0)) -> 65892.08
K32: =INDEX('RFM Analysis1'!$A$7:$A$4378,MATCH(9,'RFM Analysis1'!$K$7:$K$4378,0)) -> 13694 | L32: =INDEX('RFM Analysis1'!$J$7:$J$4378,MATCH(9,'RFM Analysis1'!$K$7:$K$4378,0)) -> CHAMPION | M32: =INDEX('RFM Analysis1'!$E$7:$E$4378,MATCH(9,'RFM Analysis1'!$K$7:$K$4378,0)) -> 62653.1
K33: =INDEX('RFM Analysis1'!$A$7:$A$4378,MATCH(10,'RFM Analysis1'!$K$7:$K$4378,0)) -> 15311 | L33: =INDEX('RFM Analysis1'!$J$7:$J$4378,MATCH(10,'RFM Analysis1'!$K$7:$K$4378,0)) -> CHAMPION | M33: =INDEX('RFM Analysis1'!$E$7:$E$4378,MATCH(10,'RFM Analysis1'!$K$7:$K$4378,0)) -> 59419.34
K34: SEGMENT GUIDE
K35: CHAMPION | M35: Reward loyalty; early access & referral asks
K36: LOYAL CUSTOMER | M36: Upsell higher-value products; keep engaged
K37: POTENTIAL LOYALIST | M37: Offer loyalty program; personalised offers
K38: NEW CUSTOMERS | M38: Onboard well; build habit with early follow-up
K39: PROMISING | M39: Encourage repeat purchase with targeted promos
K40: NEED ATTENTION | M40: Re-engage with limited-time offers
K41: AT RISK | M41: Win back with personalised outreach
K42: CAN'T LOSE THEM | M42: Priority win-back; high-touch outreach
K43: HIBERNATING | M43: Low-cost re-engagement or sunset
K44: OTHER | M44: Review manually; segment rules did not match

Sheet Pivot Table
A3: Row Labels | B3: Max of Date | C3: Distinct Count of InvoiceNo | D3: Sum of Revenue
A4: 12346 | B4: 40561.428 | C4: 2 | D4: 0
A5: 12347 | B5: 40884.661 | C5: 7 | D5: 4310
A6: 12348 | B6: 40811.551 | C6: 4 | D6: 1797.24
A7: 12349 | B7: 40868.41 | C7: 1 | D7: 1757.55
A8: 12350 | B8: 40576.667 | C8: 1 | D8: 334.4
A9: 12352 | B9: 40850.609 | C9: 11 | D9: 1545.41
A10: 12353 | B10: 40682.741 | C10: 1 | D10: 89
A11: 12354 | B11: 40654.549 | C11: 1 | D11: 1079.4
A12: 12355 | B12: 40672.576 | C12: 1 | D12: 459.4
A13: 12356 | B13: 40864.361 | C13: 3 | D13: 2811.43
A14: 12357 | B14: 40853.672 | C14: 1 | D14: 6207.67
A15: 12358 | B15: 40885.435 | C15: 2 | D15: 1168.06
... A4375: 18287 | B4375: 40844.395 | C4375: 3 | D4375: 1837.28
A4376: Grand Total | B4376: 40886.535 | C4376: 22190 | D4376: 8300065.8

Sheet RFM Analysis1
B2: Max Date | C2: 40887
A6: Customer ID | B6: Last Purchase Date | C6: Recency | D6: Frequency | E6: Monetory | F6: R Score | G6: F Score | H6: M Score | I6: RFM Score | J6: RFM Segment | K6: Monetary Rank
A7: 12346 | B7: 40561.428 | C7: =INT($C$2)-INT(Table3[[#This Row],[Last Purchase Date]]) -> 326 | D7: 2 | E7: 0 | F7: =ROUND((1-_xlfn.PERCENTRANK.INC($C$7:$C$4378,C7))*9,0) -> 0 | G7: =ROUND(_xlfn.PERCENTRANK.INC($D$7:$D$4378,D7)*9,0) -> 3 | H7: =ROUND(_xlfn.PERCENTRANK.INC($E$7:$E$4378,E7)*9,0) -> 0 | I7: =CONCATENATE(F7,G7,H7) -> 030 | J7: =_xlfn.IFS(AND(F7>=8,G7>=8,H7>=8),"CHAMPION",AND(F7>=6,G7>=7,H7>=6),"LOYAL CUSTOMER",AND(F7>=6,G7>=5,H7>=5),"POTENTIAL LOYALIST",AND(F7>=8,G7<=2,H7>=5),"NEW CUSTOMERS",AND(F7>=6,G7<=2,H7>=3),"PROMISING",AND(F7>=3,G7>=3,H7>=3),"NEED ATTENTION",AND(F7<=4,G7>=6,H7>=6),"AT RISK",AND(F7<=2,G7>=8,H7>=8),"CAN'T LOSE THEM",AND(F7<=2,G7<=2,H7<=2),"HIBERNATING",TRUE(),"Other") -> Other | K7: =RANK(E7,$E$7:$E$4378)+COUNTIF($E$7:E7,E7)-1 -> 4322
A8: 12347 | B8: 40884.661 | C8: =INT($C$2)-INT(Table3[[#This Row],[Last Purchase Date]]) -> 3 | D8: 7 | E8: 4310 | F8: =ROUND((1-_xlfn.PERCENTRANK.INC($C$7:$C$4378,C8))*9,0) -> 9 | G8: =ROUND(_xlfn.PERCENTRANK.INC($D$7:$D$4378,D8)*9,0) -> 7 | H8: =ROUND(_xlfn.PERCENTRANK.INC($E$7:$E$4378,E8)*9,0) -> 8 | I8: =CONCATENATE(F8,G8,H8) -> 978 | J8: =_xlfn.IFS(AND(F8>=8,G8>=8,H8>=8),"CHAMPION",AND(F8>=6,G8>=7,H8>=6),"LOYAL CUSTOMER",AND(F8>=6,G8>=5,H8>=5),"POTENTIAL LOYALIST",AND(F8>=8,G8<=2,H8>=5),"NEW CUSTOMERS",AND(F8>=6,G8<=2,H8>=3),"PROMISING",AND(F8>=3,G8>=3,H8>=3),"NEED ATTENTION",AND(F8<=4,G8>=6,H8>=6),"AT RISK",AND(F8<=2,G8>=8,H8>=8),"CAN'T LOSE THEM",AND(F8<=2,G8<=2,H8<=2),"HIBERNATING",TRUE(),"Other") -> LOYAL CUSTOMER | K8: =RANK(E8,$E$7:$E$4378)+COUNTIF($E$7:E8,E8)-1 -> 319
A9: 12348 | B9: 40811.551 | C9: =INT($C$2)-INT(Table3[[#This Row],[Last Purchase Date]]) -> 76 | D9: 4 | E9: 1797.24 | F9: =ROUND((1-_xlfn.PERCENTRANK.INC($C$7:$C$4378,C9))*9,0) -> 3 | G9: =ROUND(_xlfn.PERCENTRANK.INC($D$7:$D$4378,D9)*9,0) -> 5 | H9: =ROUND(_xlfn.PERCENTRANK.INC($E$7:$E$4378,E9)*9,0) -> 7 | I9: =CONCATENATE(F9,G9,H9) -> 357 | J9: =_xlfn.IFS(AND(F9>=8,G9>=8,H9>=8),"CHAMPION",AND(F9>=6,G9>=7,H9>=6),"LOYAL CUSTOMER",AND(F9>=6,G9>=5,H9>=5),"POTENTIAL LOYALIST",AND(F9>=8,G9<=2,H9>=5),"NEW CUSTOMERS",AND(F9>=6,G9<=2,H9>=3),"PROMISING",AND(F9>=3,G9>=3,H9>=3),"NEED ATTENTION",AND(F9<=4,G9>=6,H9>=6),"AT RISK",AND(F9<=2,G9>=8,H9>=8),"CAN'T LOSE THEM",AND(F9<=2,G9<=2,H9<=2),"HIBERNATING",TRUE(),"Other") -> NEED ATTENTION | K9: =RANK(E9,$E$7:$E$4378)+COUNTIF($E$7:E9,E9)-1 -> 979
A10: 12349 | B10: 40868.41 | C10: =INT($C$2)-INT(Table3[[#This Row],[Last Purchase Date]]) -> 19 | D10: 1 | E10: 1757.55 | F10: =ROUND((1-_xlfn.PERCENTRANK.INC($C$7:$C$4378,C10))*9,0) -> 7 | G10: =ROUND(_xlfn.PERCENTRANK.INC($D$7:$D$4378,D10)*9,0) -> 0 | H10: =ROUND(_xlfn.PERCENTRANK.INC($E$7:$E$4378,E10)*9,0) -> 7 | I10: =CONCATENATE(F10,G10,H10) -> 707 | J10: =_xlfn.IFS(AND(F10>=8,G10>=8,H10>=8),"CHAMPION",AND(F10>=6,G10>=7,H10>=6),"LOYAL CUSTOMER",AND(F10>=6,G10>=5,H10>=5),"POTENTIAL LOYALIST",AND(F10>=8,G10<=2,H10>=5),"NEW CUSTOMERS",AND(F10>=6,G10<=2,H10>=3),"PROMISING",AND(F10>=3,G10>=3,H10>=3),"NEED ATTENTION",AND(F10<=4,G10>=6,H10>=6),"AT RISK",AND(F10<=2,G10>=8,H10>=8),"CAN'T LOSE THEM",AND(F10<=2,G10<=2,H10<=2),"HIBERNATING",TRUE(),"Other") -> PROMISING | K10: =RANK(E10,$E$7:$E$4378)+COUNTIF($E$7:E10,E10)-1 -> 1007
A11: 12350 | B11: 40576.667 | C11: =INT($C$2)-INT(Table3[[#This Row],[Last Purchase Date]]) -> 311 | D11: 1 | E11: 334.4 | F11: =ROUND((1-_xlfn.PERCENTRANK.INC($C$7:$C$4378,C11))*9,0) -> 0 | G11: =ROUND(_xlfn.PERCENTRANK.INC($D$7:$D$4378,D11)*9,0) -> 0 | H11: =ROUND(_xlfn.PERCENTRANK.INC($E$7:$E$4378,E11)*9,0) -> 3 | I11: =CONCATENATE(F11,G11,H11) -> 003 | J11: =_xlfn.IFS(AND(F11>=8,G11>=8,H11>=8),"CHAMPION",AND(F11>=6,G11>=7,H11>=6),"LOYAL CUSTOMER",AND(F11>=6,G11>=5,H11>=5),"POTENTIAL LOYALIST",AND(F11>=8,G11<=2,H11>=5),"NEW CUSTOMERS",AND(F11>=6,G11<=2,H11>=3),"PROMISING",AND(F11>=3,G11>=3,H11>=3),"NEED ATTENTION",AND(F11<=4,G11>=6,H11>=6),"AT RISK",AND(F11<=2,G11>=8,H11>=8),"CAN'T LOSE THEM",AND(F11<=2,G11<=2,H11<=2),"HIBERNATING",TRUE(),"Other") -> Other | K11: =RANK(E11,$E$7:$E$4378)+COUNTIF($E$7:E11,E11)-1 -> 3076
A12: 12352 | B12: 40850.609 | C12: =INT($C$2)-INT(Table3[[#This Row],[Last Purchase Date]]) -> 37 | D12: 11 | E12: 1545.41 | F12: =ROUND((1-_xlfn.PERCENTRANK.INC($C$7:$C$4378,C12))*9,0) -> 5 | G12: =ROUND(_xlfn.PERCENTRANK.INC($D$7:$D$4378,D12)*9,0) -> 8 | H12: =ROUND(_xlfn.PERCENTRANK.INC($E$7:$E$4378,E12)*9,0) -> 7 | I12: =CONCATENATE(F12,G12,H12) -> 587 | J12: =_xlfn.IFS(AND(F12>=8,G12>=8,H12>=8),"CHAMPION",AND(F12>=6,G12>=7,H12>=6),"LOYAL CUSTOMER",AND(F12>=6,G12>=5,H12>=5),"POTENTIAL LOYALIST",AND(F12>=8,G12<=2,H12>=5),"NEW CUSTOMERS",AND(F12>=6,G12<=2,H12>=3),"PROMISING",AND(F12>=3,G12>=3,H12>=3),"NEED ATTENTION",AND(F12<=4,G12>=6,H12>=6),"AT RISK",AND(F12<=2,G12>=8,H12>=8),"CAN'T LOSE THEM",AND(F12<=2,G12<=2,H12<=2),"HIBERNATING",TRUE(),"Other") -> NEED ATTENTION | K12: =RANK(E12,$E$7:$E$4378)+COUNTIF($E$7:E12,E12)-1 -> 1130
A13: 12353 | B13: 40682.741 | C13: =INT($C$2)-INT(Table3[[#This Row],[Last Purchase Date]]) -> 205 | D13: 1 | E13: 89 | F13: =ROUND((1-_xlfn.PERCENTRANK.INC($C$7:$C$4378,C13))*9,0) -> 2 | G13: =ROUND(_xlfn.PERCENTRANK.INC($D$7:$D$4378,D13)*9,0) -> 0 | H13: =ROUND(_xlfn.PERCENTRANK.INC($E$7:$E$4378,E13)*9,0) -> 0 | I13: =CONCATENATE(F13,G13,H13) -> 200 | J13: =_xlfn.IFS(AND(F13>=8,G13>=8,H13>=8),"CHAMPION",AND(F13>=6,G13>=7,H13>=6),"LOYAL CUSTOMER",AND(F13>=6,G13>=5,H13>=5),"POTENTIAL LOYALIST",AND(F13>=8,G13<=2,H13>=5),"NEW CUSTOMERS",AND(F13>=6,G13<=2,H13>=3),"PROMISING",AND(F13>=3,G13>=3,H13>=3),"NEED ATTENTION",AND(F13<=4,G13>=6,H13>=6),"AT RISK",AND(F13<=2,G13>=8,H13>=8),"CAN'T LOSE THEM",AND(F13<=2,G13<=2,H13<=2),"HIBERNATING",TRUE(),"Other") -> HIBERNATING | K13: =RANK(E13,$E$7:$E$4378)+COUNTIF($E$7:E13,E13)-1 -> 4199
A14: 12354 | B14: 40654.549 | C14: =INT($C$2)-INT(Table3[[#This Row],[Last Purchase Date]]) -> 233 | D14: 1 | E14: 1079.4 | F14: =ROUND((1-_xlfn.PERCENTRANK.INC($C$7:$C$4378,C14))*9,0) -> 1 | G14: =ROUND(_xlfn.PERCENTRANK.INC($D$7:$D$4378,D14)*9,0) -> 0 | H14: =ROUND(_xlfn.PERCENTRANK.INC($E$7:$E$4378,E14)*9,0) -> 6 | I14: =CONCATENATE(F14,G14,H14) -> 106 | J14: =_xlfn.IFS(AND(F14>=8,G14>=8,H14>=8),"CHAMPION",AND(F14>=6,G14>=7,H14>=6),"LOYAL CUSTOMER",AND(F14>=6,G14>=5,H14>=5),"POTENTIAL LOYALIST",AND(F14>=8,G14<=2,H14>=5),"NEW CUSTOMERS",AND(F14>=6,G14<=2,H14>=3),"PROMISING",AND(F14>=3,G14>=3,H14>=3),"NEED ATTENTION",AND(F14<=4,G14>=6,H14>=6),"AT RISK",AND(F14<=2,G14>=8,H14>=8),"CAN'T LOSE THEM",AND(F14<=2,G14<=2,H14<=2),"HIBERNATING",TRUE(),"Other") -> Other | K14: =RANK(E14,$E$7:$E$4378)+COUNTIF($E$7:E14,E14)-1 -> 1530
A15: 12355 | B15: 40672.576 | C15: =INT($C$2)-INT(Table3[[#This Row],[Last Purchase Date]]) -> 215 | D15: 1 | E15: 459.4 | F15: =ROUND((1-_xlfn.PERCENTRANK.INC($C$7:$C$4378,C15))*9,0) -> 1 | G15: =ROUND(_xlfn.PERCENTRANK.INC($D$7:$D$4378,D15)*9,0) -> 0 | H15: =ROUND(_xlfn.PERCENTRANK.INC($E$7:$E$4378,E15)*9,0) -> 4 | I15: =CONCATENATE(F15,G15,H15) -> 104 | J15: =_xlfn.IFS(AND(F15>=8,G15>=8,H15>=8),"CHAMPION",AND(F15>=6,G15>=7,H15>=6),"LOYAL CUSTOMER",AND(F15>=6,G15>=5,H15>=5),"POTENTIAL LOYALIST",AND(F15>=8,G15<=2,H15>=5),"NEW CUSTOMERS",AND(F15>=6,G15<=2,H15>=3),"PROMISING",AND(F15>=3,G15>=3,H15>=3),"NEED ATTENTION",AND(F15<=4,G15>=6,H15>=6),"AT RISK",AND(F15<=2,G15>=8,H15>=8),"CAN'T LOSE THEM",AND(F15<=2,G15<=2,H15<=2),"HIBERNATING",TRUE(),"Other") -> Other | K15: =RANK(E15,$E$7:$E$4378)+COUNTIF($E$7:E15,E15)-1 -> 2642
A16: 12356 | B16: 40864.361 | C16: =INT($C$2)-INT(Table3[[#This Row],[Last Purchase Date]]) -> 23 | D16: 3 | E16: 2811.43 | F16: =ROUND((1-_xlfn.PERCENTRANK.INC($C$7:$C$4378,C16))*9,0) -> 6 | G16: =ROUND(_xlfn.PERCENTRANK.INC($D$7:$D$4378,D16)*9,0) -> 4 | H16: =ROUND(_xlfn.PERCENTRANK.INC($E$7:$E$4378,E16)*9,0) -> 8 | I16: =CONCATENATE(F16,G16,H16) -> 648 | J16: =_xlfn.IFS(AND(F16>=8,G16>=8,H16>=8),"CHAMPION",AND(F16>=6,G16>=7,H16>=6),"LOYAL CUSTOMER",AND(F16>=6,G16>=5,H16>=5),"POTENTIAL LOYALIST",AND(F16>=8,G16<=2,H16>=5),"NEW CUSTOMERS",AND(F16>=6,G16<=2,H16>=3),"PROMISING",AND(F16>=3,G16>=3,H16>=3),"NEED ATTENTION",AND(F16<=4,G16>=6,H16>=6),"AT RISK",AND(F16<=2,G16>=8,H16>=8),"CAN'T LOSE THEM",AND(F16<=2,G16<=2,H16<=2),"HIBERNATING",TRUE(),"Other") -> NEED ATTENTION | K16: =RANK(E16,$E$7:$E$4378)+COUNTIF($E$7:E16,E16)-1 -> 582
A17: 12357 | B17: 40853.672 | C17: =INT($C$2)-INT(Table3[[#This Row],[Last Purchase Date]]) -> 34 | D17: 1 | E17: 6207.67 | F17: =ROUND((1-_xlfn.PERCENTRANK.INC($C$7:$C$4378,C17))*9,0) -> 5 | G17: =ROUND(_xlfn.PERCENTRANK.INC($D$7:$D$4378,D17)*9,0) -> 0 | H17: =ROUND(_xlfn.PERCENTRANK.INC($E$7:$E$4378,E17)*9,0) -> 9 | I17: =CONCATENATE(F17,G17,H17) -> 509 | J17: =_xlfn.IFS(AND(F17>=8,G17>=8,H17>=8),"CHAMPION",AND(F17>=6,G17>=7,H17>=6),"LOYAL CUSTOMER",AND(F17>=6,G17>=5,H17>=5),"POTENTIAL LOYALIST",AND(F17>=8,G17<=2,H17>=5),"NEW CUSTOMERS",AND(F17>=6,G17<=2,H17>=3),"PROMISING",AND(F17>=3,G17>=3,H17>=3),"NEED ATTENTION",AND(F17<=4,G17>=6,H17>=6),"AT RISK",AND(F17<=2,G17>=8,H17>=8),"CAN'T LOSE THEM",AND(F17<=2,G17<=2,H17<=2),"HIBERNATING",TRUE(),"Other") -> Other | K17: =RANK(E17,$E$7:$E$4378)+COUNTIF($E$7:E17,E17)-1 -> 192
A18: 12358 | B18: 40885.435 | C18: =INT($C$2)-INT(Table3[[#This Row],[Last Purchase Date]]) -> 2 | D18: 2 | E18: 1168.06 | F18: =ROUND((1-_xlfn.PERCENTRANK.INC($C$7:$C$4378,C18))*9,0) -> 9 | G18: =ROUND(_xlfn.PERCENTRANK.INC($D$7:$D$4378,D18)*9,0) -> 3 | H18: =ROUND(_xlfn.PERCENTRANK.INC($E$7:$E$4378,E18)*9,0) -> 6 | I18: =CONCATENATE(F18,G18,H18) -> 936 | J18: =_xlfn.IFS(AND(F18>=8,G18>=8,H18>=8),"CHAMPION",AND(F18>=6,G18>=7,H18>=6),"LOYAL CUSTOMER",AND(F18>=6,G18>=5,H18>=5),"POTENTIAL LOYALIST",AND(F18>=8,G18<=2,H18>=5),"NEW CUSTOMERS",AND(F18>=6,G18<=2,H18>=3),"PROMISING",AND(F18>=3,G18>=3,H18>=3),"NEED ATTENTION",AND(F18<=4,G18>=6,H18>=6),"AT RISK",AND(F18<=2,G18>=8,H18>=8),"CAN'T LOSE THEM",AND(F18<=2,G18<=2,H18<=2),"HIBERNATING",TRUE(),"Other") -> NEED ATTENTION | K18: =RANK(E18,$E$7:$E$4378)+COUNTIF($E$7:E18,E18)-1 -> 1432
... A4378: 18287 | B4378: 40844.395 | C4378: =INT($C$2)-INT(Table3[[#This Row],[Last Purchase Date]]) -> 43 | D4378: 3 | E4378: 1837.28 | F4378: =ROUND((1-_xlfn.PERCENTRANK.INC($C$7:$C$4378,C4378))*9,0) -> 5 | G4378: =ROUND(_xlfn.PERCENTRANK.INC($D$7:$D$4378,D4378)*9,0) -> 4 | H4378: =ROUND(_xlfn.PERCENTRANK.INC($E$7:$E$4378,E4378)*9,0) -> 7 | I4378: =CONCATENATE(F4378,G4378,H4378) -> 547 | J4378: =_xlfn.IFS(AND(F4378>=8,G4378>=8,H4378>=8),"CHAMPION",AND(F4378>=6,G4378>=7,H4378>=6),"LOYAL CUSTOMER",AND(F4378>=6,G4378>=5,H4378>=5),"POTENTIAL LOYALIST",AND(F4378>=8,G4378<=2,H4378>=5),"NEW CUSTOMERS",AND(F4378>=6,G4378<=2,H4378>=3),"PROMISING",AND(F4378>=3,G4378>=3,H4378>=3),"NEED ATTENTION",AND(F4378<=4,G4378>=6,H4378>=6),"AT RISK",AND(F4378<=2,G4378>=8,H4378>=8),"CAN'T LOSE THEM",AND(F4378<=2,G4378<=2,H4378<=2),"HIBERNATING",TRUE(),"Other") -> NEED ATTENTION | K4378: =RANK(E4378,$E$7:$E$4378)+COUNTIF($E$7:E4378,E4378)-1 -> 959
